stage,experiment,origin,seed,best_epoch,epochs_executed,basis
screening,T_raw,43320,2026,1,2,derived from original early-stop loop
screening,T_raw,43488,2026,3,4,derived from original early-stop loop
screening,T_log1p,43320,2026,4,4,derived from original early-stop loop
screening,T_log1p,43488,2026,3,4,derived from original early-stop loop
screening,S_168_k25,43320,2026,1,2,derived from original early-stop loop
screening,S_168_k25,43488,2026,3,4,derived from original early-stop loop
screening,S_336_k25,43320,2026,1,2,derived from original early-stop loop
screening,S_336_k25,43488,2026,3,4,derived from original early-stop loop
screening,S_336_k49,43320,2026,2,3,derived from original early-stop loop
screening,S_336_k49,43488,2026,2,3,derived from original early-stop loop
screening,S_672_k49,43320,2026,1,2,derived from original early-stop loop
screening,S_672_k49,43488,2026,2,3,derived from original early-stop loop
screening,C_compact32,43320,2026,3,4,derived from original early-stop loop
screening,C_compact32,43488,2026,4,4,derived from original early-stop loop
screening,C_base64,43320,2026,1,2,derived from original early-stop loop
screening,C_base64,43488,2026,3,4,derived from original early-stop loop
screening,C_medium96,43320,2026,1,2,derived from original early-stop loop
screening,C_medium96,43488,2026,1,2,derived from original early-stop loop
final_cv,FINAL_with_external,43152,2026,4,6,derived from original early-stop loop
final_cv,FINAL_with_external,43320,2026,2,4,derived from original early-stop loop
final_cv,FINAL_with_external,43488,2026,2,4,derived from original early-stop loop
final_cv,FINAL_with_external,43152,3407,4,6,derived from original early-stop loop
final_cv,FINAL_with_external,43320,3407,1,3,derived from original early-stop loop
final_cv,FINAL_with_external,43488,3407,5,7,derived from original early-stop loop
final_cv,FINAL_without_external,43152,2026,3,5,derived from original early-stop loop
final_cv,FINAL_without_external,43320,2026,1,3,derived from original early-stop loop
final_cv,FINAL_without_external,43488,2026,7,9,derived from original early-stop loop
final_cv,FINAL_without_external,43152,3407,1,3,derived from original early-stop loop
final_cv,FINAL_without_external,43320,3407,1,3,derived from original early-stop loop
final_cv,FINAL_without_external,43488,3407,3,5,derived from original early-stop loop
smoke,SMOKE_ONLY,43488,2026,1,1,one-epoch notebook smoke run
full_refit,FINAL_with_external,43656,2026,3,3,saved checkpoint and run manifest
