experiment,horizon_step,rmse
FINAL_with_external,1,34.508992387327766
FINAL_with_external,2,29.175537043040478
FINAL_with_external,3,29.951038971033853
FINAL_with_external,4,31.714729931616613
FINAL_with_external,5,24.129403217585
FINAL_with_external,6,31.764188441589837
FINAL_with_external,7,40.47532413577501
FINAL_with_external,8,48.93581650363831
FINAL_with_external,9,41.09654195949251
FINAL_with_external,10,45.50323144241799
FINAL_with_external,11,43.171253317237635
FINAL_with_external,12,28.614123914759876
FINAL_with_external,13,23.67958863940646
FINAL_with_external,14,23.318078682107583
FINAL_with_external,15,28.983015245963657
FINAL_with_external,16,29.88989386548761
FINAL_with_external,17,30.89980563124901
FINAL_with_external,18,30.71439455232021
FINAL_with_external,19,41.030820614466556
FINAL_with_external,20,42.44458099814255
FINAL_with_external,21,52.70084584865969
FINAL_with_external,22,48.90948239662832
FINAL_with_external,23,58.28925837401286
FINAL_with_external,24,55.073973578454876
FINAL_with_external,25,71.0026313465962
FINAL_with_external,26,62.317594508187334
FINAL_with_external,27,60.13090147335225
FINAL_with_external,28,58.09900303259874
FINAL_with_external,29,48.09780565709378
FINAL_with_external,30,51.97449176402207
FINAL_with_external,31,50.080413363729804
FINAL_with_external,32,37.079783259291716
FINAL_with_external,33,42.290622885125764
FINAL_with_external,34,34.40137106608161
FINAL_with_external,35,31.095595267615113
FINAL_with_external,36,34.529542194375004
FINAL_with_external,37,25.363981173339955
FINAL_with_external,38,26.46807832242405
FINAL_with_external,39,33.85617828770331
FINAL_with_external,40,33.95894997103986
FINAL_with_external,41,40.49273682117825
FINAL_with_external,42,45.732170371273924
FINAL_with_external,43,50.44326391286998
FINAL_with_external,44,45.21174422294601
FINAL_with_external,45,42.21547270752623
FINAL_with_external,46,33.43411187045351
FINAL_with_external,47,58.98463159979425
FINAL_with_external,48,65.0770311437037
FINAL_with_external,49,61.02518024594735
FINAL_with_external,50,59.560044239118454
FINAL_with_external,51,62.948396443344535
FINAL_with_external,52,66.59215701291762
FINAL_with_external,53,76.03629985864207
FINAL_with_external,54,80.08038709690368
FINAL_with_external,55,86.96571041210288
FINAL_with_external,56,86.71065053945941
FINAL_with_external,57,84.07363475308645
FINAL_with_external,58,87.27500732431086
FINAL_with_external,59,75.42162255160711
FINAL_with_external,60,70.1757079198191
FINAL_with_external,61,77.73480198084061
FINAL_with_external,62,78.72076606281065
FINAL_with_external,63,79.64120845236535
FINAL_with_external,64,64.16867903137786
FINAL_with_external,65,54.282476049056136
FINAL_with_external,66,52.86834390357732
FINAL_with_external,67,59.125113670539385
FINAL_with_external,68,44.89341922656693
FINAL_with_external,69,41.852948061492704
FINAL_with_external,70,46.219567857045064
FINAL_with_external,71,64.08934680094151
FINAL_with_external,72,60.706730699205266
FINAL_with_external,73,46.85840746471376
FINAL_with_external,74,33.56382480030852
FINAL_with_external,75,59.14463998975808
FINAL_with_external,76,60.364637678827805
FINAL_with_external,77,73.3779914240186
FINAL_with_external,78,71.65678712055482
FINAL_with_external,79,79.31181004209282
FINAL_with_external,80,83.97933838873546
FINAL_with_external,81,77.3955316951798
FINAL_with_external,82,73.7429577188513
FINAL_with_external,83,68.35746020875486
FINAL_with_external,84,37.61881932227807
FINAL_with_external,85,53.715102655177084
FINAL_with_external,86,47.036737873781576
FINAL_with_external,87,52.45929737514891
FINAL_with_external,88,51.786675742502496
FINAL_with_external,89,55.196813011014385
FINAL_with_external,90,56.80339797207238
FINAL_with_external,91,52.60784494947164
FINAL_with_external,92,50.997099914268134
FINAL_with_external,93,43.13370825978136
FINAL_with_external,94,39.190790587162816
FINAL_with_external,95,37.22520980485714
FINAL_with_external,96,40.88398399590368
FINAL_with_external,97,46.44175656218097
FINAL_with_external,98,80.48186664164946
FINAL_with_external,99,109.49897400533688
FINAL_with_external,100,108.28986530849147
FINAL_with_external,101,109.52337839092579
FINAL_with_external,102,105.62656035728652
FINAL_with_external,103,90.17574756440106
FINAL_with_external,104,53.63559573927009
FINAL_with_external,105,55.58327631041205
FINAL_with_external,106,57.424545770407
FINAL_with_external,107,57.74481588218921
FINAL_with_external,108,56.197813664324606
FINAL_with_external,109,57.05642614110202
FINAL_with_external,110,45.84800812599486
FINAL_with_external,111,32.1623237871577
FINAL_with_external,112,41.977017875307475
FINAL_with_external,113,41.162968507568365
FINAL_with_external,114,36.04549628733775
FINAL_with_external,115,44.79142541718965
FINAL_with_external,116,44.05829073196184
FINAL_with_external,117,33.39999110727749
FINAL_with_external,118,38.953123694633405
FINAL_with_external,119,42.58516094355079
FINAL_with_external,120,35.36950563109547
FINAL_with_external,121,26.30420484439646
FINAL_with_external,122,43.446140892779155
FINAL_with_external,123,36.36964331050785
FINAL_with_external,124,36.455319442383896
FINAL_with_external,125,30.500771127135348
FINAL_with_external,126,35.91706553248634
FINAL_with_external,127,36.34159680557629
FINAL_with_external,128,44.573222305685285
FINAL_with_external,129,47.457411271682005
FINAL_with_external,130,55.7897849122744
FINAL_with_external,131,51.8622509020134
FINAL_with_external,132,65.09758476488693
FINAL_with_external,133,74.66072295606874
FINAL_with_external,134,82.63179213245506
FINAL_with_external,135,99.63480353259789
FINAL_with_external,136,106.66739088172285
FINAL_with_external,137,90.95567748672038
FINAL_with_external,138,85.60980894186605
FINAL_with_external,139,132.69209301807848
FINAL_with_external,140,98.51952974288062
FINAL_with_external,141,96.12125129789676
FINAL_with_external,142,92.97468082922762
FINAL_with_external,143,90.829322111461
FINAL_with_external,144,95.2896999101077
FINAL_with_external,145,73.55327020583734
FINAL_with_external,146,79.05196992905593
FINAL_with_external,147,94.48492707772668
FINAL_with_external,148,82.56273713619683
FINAL_with_external,149,77.92576009217456
FINAL_with_external,150,80.09893404396955
FINAL_with_external,151,81.10367366426557
FINAL_with_external,152,79.72033300961357
FINAL_with_external,153,87.75142272215587
FINAL_with_external,154,27.97195601060228
FINAL_with_external,155,51.63418415828657
FINAL_with_external,156,38.26708496046222
FINAL_with_external,157,36.26940848015199
FINAL_with_external,158,54.92368958782204
FINAL_with_external,159,30.78083460784248
FINAL_with_external,160,29.23071890698716
FINAL_with_external,161,35.74411531186337
FINAL_with_external,162,41.127012948864596
FINAL_with_external,163,32.10978102315811
FINAL_with_external,164,39.54041582811418
FINAL_with_external,165,70.67880723566097
FINAL_with_external,166,86.53487748593386
FINAL_with_external,167,77.01794263123423
FINAL_with_external,168,52.629709646754705
FINAL_without_external,1,95.51548335084564
FINAL_without_external,2,95.27539084392558
FINAL_without_external,3,91.79899304870364
FINAL_without_external,4,91.63677673485203
FINAL_without_external,5,87.218632245415
FINAL_without_external,6,86.5295118330416
FINAL_without_external,7,89.08991530349684
FINAL_without_external,8,88.4781958909909
FINAL_without_external,9,88.23071278236708
FINAL_without_external,10,88.3924933578908
FINAL_without_external,11,87.13982817791089
FINAL_without_external,12,94.05314321452339
FINAL_without_external,13,91.79652083467805
FINAL_without_external,14,91.76458567743771
FINAL_without_external,15,98.28311953993106
FINAL_without_external,16,95.36593787374798
FINAL_without_external,17,96.1042953610545
FINAL_without_external,18,103.71803162800452
FINAL_without_external,19,101.73485421969862
FINAL_without_external,20,113.07383549391604
FINAL_without_external,21,114.73689356644383
FINAL_without_external,22,119.06060158433208
FINAL_without_external,23,126.09428649169223
FINAL_without_external,24,129.7501899943027
FINAL_without_external,25,139.8203123296725
FINAL_without_external,26,137.8634953175952
FINAL_without_external,27,132.49539359303083
FINAL_without_external,28,122.48957430806544
FINAL_without_external,29,113.20270256934319
FINAL_without_external,30,113.96181175354384
FINAL_without_external,31,115.66136135756791
FINAL_without_external,32,84.08815872079624
FINAL_without_external,33,86.41680197489748
FINAL_without_external,34,91.65294592967297
FINAL_without_external,35,86.94141443583567
FINAL_without_external,36,92.25224939698246
FINAL_without_external,37,91.09451141382597
FINAL_without_external,38,91.52330335412694
FINAL_without_external,39,91.6492323529112
FINAL_without_external,40,94.6050047618975
FINAL_without_external,41,94.90817542545005
FINAL_without_external,42,95.32524744631849
FINAL_without_external,43,83.15551988789582
FINAL_without_external,44,62.25484454280382
FINAL_without_external,45,59.89508687158531
FINAL_without_external,46,48.780579973642446
FINAL_without_external,47,57.702652675086135
FINAL_without_external,48,62.33687929974092
FINAL_without_external,49,60.998495641628715
FINAL_without_external,50,59.14935099797571
FINAL_without_external,51,61.79713636963205
FINAL_without_external,52,59.05969321108574
FINAL_without_external,53,62.84693210395511
FINAL_without_external,54,70.68772608236051
FINAL_without_external,55,79.52787241744316
FINAL_without_external,56,79.35411916325619
FINAL_without_external,57,68.41667862758128
FINAL_without_external,58,73.99143237237885
FINAL_without_external,59,75.08026262125409
FINAL_without_external,60,72.4986405600582
FINAL_without_external,61,77.88503581104742
FINAL_without_external,62,78.55178910576906
FINAL_without_external,63,73.09359646308809
FINAL_without_external,64,69.5500690178262
FINAL_without_external,65,54.395987219211484
FINAL_without_external,66,51.55931316339843
FINAL_without_external,67,50.89481355421693
FINAL_without_external,68,41.90209737543819
FINAL_without_external,69,36.56074093111687
FINAL_without_external,70,37.74580493645037
FINAL_without_external,71,40.466864589025654
FINAL_without_external,72,43.99854886871988
FINAL_without_external,73,46.26703321806675
FINAL_without_external,74,70.6836273096512
FINAL_without_external,75,77.35281480588854
FINAL_without_external,76,53.38337306189608
FINAL_without_external,77,49.90833013287154
FINAL_without_external,78,47.082053322105565
FINAL_without_external,79,51.64138398399122
FINAL_without_external,80,50.27976195155227
FINAL_without_external,81,46.738061543795595
FINAL_without_external,82,46.82024294308019
FINAL_without_external,83,46.28854987054905
FINAL_without_external,84,39.80506345449309
FINAL_without_external,85,54.58682673308584
FINAL_without_external,86,64.93550732455147
FINAL_without_external,87,70.53465335882132
FINAL_without_external,88,72.0614322510807
FINAL_without_external,89,75.07356844883913
FINAL_without_external,90,68.96860731500912
FINAL_without_external,91,69.73107530389935
FINAL_without_external,92,70.96738325899757
FINAL_without_external,93,68.7974231671561
FINAL_without_external,94,63.45084561836745
FINAL_without_external,95,63.879963801753895
FINAL_without_external,96,74.50873580657347
FINAL_without_external,97,76.21778150751359
FINAL_without_external,98,113.03009363368896
FINAL_without_external,99,126.25153359776617
FINAL_without_external,100,133.39962033085385
FINAL_without_external,101,135.72462021917065
FINAL_without_external,102,128.53947094270947
FINAL_without_external,103,122.1236465530969
FINAL_without_external,104,71.50645681367757
FINAL_without_external,105,83.65923458982023
FINAL_without_external,106,82.10222126378471
FINAL_without_external,107,86.93124601577519
FINAL_without_external,108,73.9928544082335
FINAL_without_external,109,65.38285391390234
FINAL_without_external,110,54.07569666425338
FINAL_without_external,111,48.90562800762601
FINAL_without_external,112,55.52960949549243
FINAL_without_external,113,45.44987656407448
FINAL_without_external,114,46.85103417421391
FINAL_without_external,115,44.715572204540244
FINAL_without_external,116,51.477169994167475
FINAL_without_external,117,47.08064782245388
FINAL_without_external,118,59.55092085318363
FINAL_without_external,119,57.73372807054834
FINAL_without_external,120,54.15871182001542
FINAL_without_external,121,68.84302848550983
FINAL_without_external,122,86.73495352161076
FINAL_without_external,123,84.09207213160234
FINAL_without_external,124,86.6350561703679
FINAL_without_external,125,83.04730193318073
FINAL_without_external,126,86.56673244060326
FINAL_without_external,127,86.29932703300351
FINAL_without_external,128,95.19936032225353
FINAL_without_external,129,101.65662628177303
FINAL_without_external,130,107.08937961888353
FINAL_without_external,131,113.81030862018278
FINAL_without_external,132,122.03669369599628
FINAL_without_external,133,130.50438619353815
FINAL_without_external,134,136.904821944403
FINAL_without_external,135,152.4564123971253
FINAL_without_external,136,157.82394922999322
FINAL_without_external,137,151.38289663797036
FINAL_without_external,138,146.38019236757637
FINAL_without_external,139,164.21329558418643
FINAL_without_external,140,137.09265699158757
FINAL_without_external,141,137.57834843815004
FINAL_without_external,142,144.1764983157359
FINAL_without_external,143,150.88179001192148
FINAL_without_external,144,141.71486229139924
FINAL_without_external,145,119.58958919519736
FINAL_without_external,146,124.4292240232021
FINAL_without_external,147,130.38316532216734
FINAL_without_external,148,118.76033334840908
FINAL_without_external,149,114.13384029382341
FINAL_without_external,150,113.26213540539148
FINAL_without_external,151,113.07555348095299
FINAL_without_external,152,115.29709952023754
FINAL_without_external,153,121.13912515701921
FINAL_without_external,154,36.69216514697498
FINAL_without_external,155,52.93413082103499
FINAL_without_external,156,57.4682022533033
FINAL_without_external,157,62.569663890717514
FINAL_without_external,158,68.70021847297342
FINAL_without_external,159,58.28645884663384
FINAL_without_external,160,73.12124858112813
FINAL_without_external,161,70.80246403794884
FINAL_without_external,162,74.69951265991031
FINAL_without_external,163,68.40571386769892
FINAL_without_external,164,67.35374622518061
FINAL_without_external,165,89.45676284788306
FINAL_without_external,166,114.82456014343587
FINAL_without_external,167,107.13361951362184
FINAL_without_external,168,78.99069450528239
