experiment,mean_rmse,std_rmse,mean_mae,mean_smape,params,mean_best_epoch,mean_elapsed_min
C_medium96,48.35631342325525,15.099197529405306,33.51143382844471,84.22459052500099,262849,1.0,5.5687537829081215
C_base64,50.48850032625959,11.757561872869553,36.40037315232413,83.48888386678689,117889,2.0,5.3928686062494915
S_336_k25,50.48850032625959,11.757561872869553,36.40037315232413,83.48888386678689,117889,2.0,5.390610369046529
T_raw,50.48850032625959,11.757561872869553,36.40037315232413,83.48888386678689,117889,2.0,5.434587307771047
S_336_k49,52.43478161622899,7.146418774840709,36.50589442253113,96.09874460031227,117889,2.0,5.55418845017751
C_compact32,52.7638729114488,9.473643109708327,36.92530599094573,79.63952437595742,30273,3.5,3.6500037054220837
S_168_k25,54.37172621082151,3.3684079699209284,38.353798241842355,94.65831302167581,117889,2.0,3.797172365585963
S_672_k49,55.98106307142649,11.84844274227006,43.71820556549799,86.08931972113788,117889,1.5,7.764394682645798
T_log1p,61.58470967162553,6.197289261701287,36.0681809130169,55.0516903523683,117889,3.5,7.241913205385208
