experiment,config_json,origin,seed,best_epoch,n_params,train_windows,elapsed_sec,rmse,mae,smape
T_raw,"{""batch_size"": 32, ""d_ff"": 128, ""d_layers"": 1, ""d_model"": 64, ""dropout"": 0.1, ""e_layers"": 2, ""exog_mode"": ""all"", ""factor"": 3, ""label_len"": 84, ""lr"": 0.0001, ""moving_avg"": 25, ""n_heads"": 4, ""seq_len"": 336, ""target_mode"": ""global_z"", ""weight_decay"": 0.0001}",43320,2026,1,117889,5353,216.95192885398865,58.802352056786056,41.3618274189177,84.87265183011233
T_raw,"{""batch_size"": 32, ""d_ff"": 128, ""d_layers"": 1, ""d_model"": 64, ""dropout"": 0.1, ""e_layers"": 2, ""exog_mode"": ""all"", ""factor"": 3, ""label_len"": 84, ""lr"": 0.0001, ""moving_avg"": 25, ""n_heads"": 4, ""seq_len"": 336, ""target_mode"": ""global_z"", ""weight_decay"": 0.0001}",43488,2026,3,117889,5374,435.198548078537,42.174648595733125,31.438918885730562,82.10511590346147
T_log1p,"{""batch_size"": 32, ""d_ff"": 128, ""d_layers"": 1, ""d_model"": 64, ""dropout"": 0.1, ""e_layers"": 2, ""exog_mode"": ""all"", ""factor"": 3, ""label_len"": 84, ""lr"": 0.0001, ""moving_avg"": 25, ""n_heads"": 4, ""seq_len"": 336, ""target_mode"": ""log1p_global_z"", ""weight_decay"": 0.0001}",43320,2026,4,117889,5353,434.6032032966614,57.202564409701985,32.59216135456448,54.58850148238182
T_log1p,"{""batch_size"": 32, ""d_ff"": 128, ""d_layers"": 1, ""d_model"": 64, ""dropout"": 0.1, ""e_layers"": 2, ""exog_mode"": ""all"", ""factor"": 3, ""label_len"": 84, ""lr"": 0.0001, ""moving_avg"": 25, ""n_heads"": 4, ""seq_len"": 336, ""target_mode"": ""log1p_global_z"", ""weight_decay"": 0.0001}",43488,2026,3,117889,5374,434.4263813495636,65.96685493354909,39.54420047146933,55.51487922235477
S_168_k25,"{""batch_size"": 32, ""d_ff"": 128, ""d_layers"": 1, ""d_model"": 64, ""dropout"": 0.1, ""e_layers"": 2, ""exog_mode"": ""all"", ""factor"": 3, ""label_len"": 84, ""lr"": 0.0001, ""moving_avg"": 25, ""n_heads"": 4, ""seq_len"": 168, ""target_mode"": ""global_z"", ""weight_decay"": 0.0001}",43320,2026,1,117889,5374,151.71656012535095,56.75355032815541,41.55825596763974,82.17961267506556
S_168_k25,"{""batch_size"": 32, ""d_ff"": 128, ""d_layers"": 1, ""d_model"": 64, ""dropout"": 0.1, ""e_layers"": 2, ""exog_mode"": ""all"", ""factor"": 3, ""label_len"": 84, ""lr"": 0.0001, ""moving_avg"": 25, ""n_heads"": 4, ""seq_len"": 168, ""target_mode"": ""global_z"", ""weight_decay"": 0.0001}",43488,2026,3,117889,5395,303.9441237449646,51.98990209348761,35.14934051604498,107.13701336828608
S_336_k25,"{""batch_size"": 32, ""d_ff"": 128, ""d_layers"": 1, ""d_model"": 64, ""dropout"": 0.1, ""e_layers"": 2, ""exog_mode"": ""all"", ""factor"": 3, ""label_len"": 84, ""lr"": 0.0001, ""moving_avg"": 25, ""n_heads"": 4, ""seq_len"": 336, ""target_mode"": ""global_z"", ""weight_decay"": 0.0001}",43320,2026,1,117889,5353,216.08291697502136,58.802352056786056,41.3618274189177,84.87265183011233
S_336_k25,"{""batch_size"": 32, ""d_ff"": 128, ""d_layers"": 1, ""d_model"": 64, ""dropout"": 0.1, ""e_layers"": 2, ""exog_mode"": ""all"", ""factor"": 3, ""label_len"": 84, ""lr"": 0.0001, ""moving_avg"": 25, ""n_heads"": 4, ""seq_len"": 336, ""target_mode"": ""global_z"", ""weight_decay"": 0.0001}",43488,2026,3,117889,5374,430.79032731056213,42.174648595733125,31.438918885730562,82.10511590346147
S_336_k49,"{""batch_size"": 32, ""d_ff"": 128, ""d_layers"": 1, ""d_model"": 64, ""dropout"": 0.1, ""e_layers"": 2, ""exog_mode"": ""all"", ""factor"": 3, ""label_len"": 84, ""lr"": 0.0001, ""moving_avg"": 49, ""n_heads"": 4, ""seq_len"": 336, ""target_mode"": ""global_z"", ""weight_decay"": 0.0001}",43320,2026,2,117889,5353,332.09072947502136,57.48806279311771,41.782820883251375,99.35462024780009
S_336_k49,"{""batch_size"": 32, ""d_ff"": 128, ""d_layers"": 1, ""d_model"": 64, ""dropout"": 0.1, ""e_layers"": 2, ""exog_mode"": ""all"", ""factor"": 3, ""label_len"": 84, ""lr"": 0.0001, ""moving_avg"": 49, ""n_heads"": 4, ""seq_len"": 336, ""target_mode"": ""global_z"", ""weight_decay"": 0.0001}",43488,2026,2,117889,5374,334.4118845462799,47.381500439340265,31.228967961810884,92.84286895282445
S_672_k49,"{""batch_size"": 32, ""d_ff"": 128, ""d_layers"": 1, ""d_model"": 64, ""dropout"": 0.1, ""e_layers"": 2, ""exog_mode"": ""all"", ""factor"": 3, ""label_len"": 84, ""lr"": 0.0001, ""moving_avg"": 49, ""n_heads"": 4, ""seq_len"": 672, ""target_mode"": ""global_z"", ""weight_decay"": 0.0001}",43320,2026,1,117889,5311,371.20719861984253,64.35917728098619,51.26103067398071,95.30950412340363
S_672_k49,"{""batch_size"": 32, ""d_ff"": 128, ""d_layers"": 1, ""d_model"": 64, ""dropout"": 0.1, ""e_layers"": 2, ""exog_mode"": ""all"", ""factor"": 3, ""label_len"": 84, ""lr"": 0.0001, ""moving_avg"": 49, ""n_heads"": 4, ""seq_len"": 672, ""target_mode"": ""global_z"", ""weight_decay"": 0.0001}",43488,2026,2,117889,5332,560.5201632976532,47.6029488618668,36.175380457015265,76.86913531887214
C_compact32,"{""batch_size"": 32, ""d_ff"": 64, ""d_layers"": 1, ""d_model"": 32, ""dropout"": 0.1, ""e_layers"": 2, ""exog_mode"": ""all"", ""factor"": 3, ""label_len"": 84, ""lr"": 0.0001, ""moving_avg"": 25, ""n_heads"": 4, ""seq_len"": 336, ""target_mode"": ""global_z"", ""weight_decay"": 0.0001}",43320,2026,3,30273,5353,219.71764135360718,59.462750196864775,42.323524429684596,78.96789482934098
C_compact32,"{""batch_size"": 32, ""d_ff"": 64, ""d_layers"": 1, ""d_model"": 32, ""dropout"": 0.1, ""e_layers"": 2, ""exog_mode"": ""all"", ""factor"": 3, ""label_len"": 84, ""lr"": 0.0001, ""moving_avg"": 25, ""n_heads"": 4, ""seq_len"": 336, ""target_mode"": ""global_z"", ""weight_decay"": 0.0001}",43488,2026,4,30273,5374,218.28280329704285,46.06499562603283,31.527087552206858,80.31115392257385
C_base64,"{""batch_size"": 32, ""d_ff"": 128, ""d_layers"": 1, ""d_model"": 64, ""dropout"": 0.1, ""e_layers"": 2, ""exog_mode"": ""all"", ""factor"": 3, ""label_len"": 84, ""lr"": 0.0001, ""moving_avg"": 25, ""n_heads"": 4, ""seq_len"": 336, ""target_mode"": ""global_z"", ""weight_decay"": 0.0001}",43320,2026,1,117889,5353,215.64234733581543,58.802352056786056,41.3618274189177,84.87265183011233
C_base64,"{""batch_size"": 32, ""d_ff"": 128, ""d_layers"": 1, ""d_model"": 64, ""dropout"": 0.1, ""e_layers"": 2, ""exog_mode"": ""all"", ""factor"": 3, ""label_len"": 84, ""lr"": 0.0001, ""moving_avg"": 25, ""n_heads"": 4, ""seq_len"": 336, ""target_mode"": ""global_z"", ""weight_decay"": 0.0001}",43488,2026,3,117889,5374,431.50188541412354,42.174648595733125,31.438918885730562,82.10511590346147
C_medium96,"{""batch_size"": 32, ""d_ff"": 192, ""d_layers"": 1, ""d_model"": 96, ""dropout"": 0.1, ""e_layers"": 2, ""exog_mode"": ""all"", ""factor"": 3, ""label_len"": 84, ""lr"": 0.0001, ""moving_avg"": 25, ""n_heads"": 4, ""seq_len"": 336, ""target_mode"": ""global_z"", ""weight_decay"": 0.0001}",43320,2026,1,262849,5353,334.4351465702057,59.03305838677291,41.18597621009464,85.3657736119754
C_medium96,"{""batch_size"": 32, ""d_ff"": 192, ""d_layers"": 1, ""d_model"": 96, ""dropout"": 0.1, ""e_layers"": 2, ""exog_mode"": ""all"", ""factor"": 3, ""label_len"": 84, ""lr"": 0.0001, ""moving_avg"": 25, ""n_heads"": 4, ""seq_len"": 336, ""target_mode"": ""global_z"", ""weight_decay"": 0.0001}",43488,2026,1,262849,5374,333.8153073787689,37.679568459737595,25.836891446794784,83.08340743802658
