frequency,approx_period,power
9.16254352208173e-05,10914.0,4353153.633986391
0.00034359538207806486,2910.4,3771894.069589757
0.00011453179402602163,8731.199999999999,3474551.3491202816
0.003710830126443101,269.48148148148147,3338389.0890721185
0.04166666666666667,23.999999999999996,3195076.6121213757
0.00013743815283122595,7276.0,3092272.369092287
0.002588418544988089,386.33628318584067,2584529.0437931423
0.00545171339563863,183.42857142857142,2534920.975811449
0.005337181601612608,187.3648068669528,2171872.487308463
0.0018783214220267548,532.390243902439,2159583.012027081
0.004810335349092908,207.8857142857143,2133478.499525652
0.002954920285871358,338.41860465116275,2075287.3810763566
0.002657137621403702,376.34482758620686,2035290.9581744564
0.00254260582737768,393.2972972972973,1963469.395354138
0.001191130657870625,839.5384615384614,1854429.2428768738
