time_idx,value
43657,0.0
43658,0.0
43659,1.303421
43660,0.0
43661,0.0
43662,0.0
43663,0.0
43664,0.0
43665,0.0
43666,0.0
43667,0.0
43668,0.0
43669,4.857712
43670,3.0635834
43671,0.0
43672,0.0
43673,0.0
43674,13.675514
43675,13.003906
43676,21.109695
43677,31.976646
43678,34.10492
43679,41.728287
43680,50.039646
43681,59.498074
43682,83.009895
43683,95.65634
43684,97.12978
43685,87.8112
43686,91.81179
43687,83.77016
43688,79.2377
43689,95.606766
43690,93.14341
43691,100.84116
43692,121.31421
43693,116.67003
43694,134.1197
43695,119.35621
43696,135.36852
43697,132.419
43698,143.3575
43699,151.764
43700,176.08215
43701,163.28116
43702,182.15082
43703,185.7539
43704,179.24106
43705,184.2573
43706,190.5893
43707,168.00702
43708,169.12125
43709,181.00725
43710,182.24759
43711,173.34642
43712,190.26021
43713,180.52771
43714,180.65294
43715,174.3064
43716,172.34523
43717,170.71649
43718,178.04843
43719,167.69078
43720,179.31276
43721,181.15765
43722,189.00629
43723,199.41629
43724,201.23251
43725,220.82881
43726,226.7828
43727,221.65787
43728,235.59258
43729,232.76677
43730,221.12431
43731,210.41006
43732,186.55942
43733,179.26436
43734,179.59882
43735,157.59955
43736,159.35971
43737,152.16428
43738,153.16629
43739,122.26913
43740,112.976654
43741,120.07858
43742,118.92328
43743,127.45125
43744,126.159515
43745,135.16162
43746,130.2035
43747,134.201
43748,125.3212
43749,131.36484
43750,139.64261
43751,181.09134
43752,178.70837
43753,185.38438
43754,178.8855
43755,189.46724
43756,186.1343
43757,170.30894
43758,173.69408
43759,175.29692
43760,173.71973
43761,166.22815
43762,164.48825
43763,163.19507
43764,146.83513
43765,149.72527
43766,124.60597
43767,124.71692
43768,137.68205
43769,131.342
43770,120.1659
43771,129.83008
43772,144.57733
43773,164.77914
43774,163.53654
43775,173.26851
43776,173.2699
43777,173.77551
43778,166.44489
43779,146.94669
43780,133.41086
43781,128.95793
43782,127.04698
43783,108.04386
43784,109.85324
43785,112.74934
43786,107.77124
43787,98.72954
43788,100.9571
43789,104.32151
43790,105.277435
43791,103.64896
43792,96.52351
43793,86.7953
43794,95.23634
43795,112.18477
43796,116.811295
43797,103.38109
43798,95.71192
43799,60.423782
43800,71.22123
43801,52.453156
43802,39.76234
43803,40.097958
43804,43.363953
43805,48.09512
43806,22.183937
43807,20.427017
43808,23.346779
43809,26.243248
43810,5.1977615
43811,0.0
43812,3.4143982
43813,1.3571548
43814,0.0
43815,0.0
43816,0.0
43817,0.0
43818,11.487473
43819,0.0
43820,3.7058716
43821,0.0
43822,0.0
43823,0.0
43824,0.0
